{"cameraMode":{"drawMode":0,"name":"Shaded","section":"Shading Mode"},"sceneLighting":true,"audioPlay":false,"sceneViewState":{"showFog":true,"showMaterialUpdate":false,"showSkybox":true,"showFlares":true,"showImageEffects":true,"showParticleSystems":true},"in2DMode":false,"pivot":{"x":520.2887573242188,"y":-7.208580017089844,"z":357.3812255859375},"rotation":{"x":-0.3483453691005707,"y":-0.006472761742770672,"z":0.0024015684612095358,"w":-0.9373518824577332},"size":333.16217041015627,"orthographic":false}